军区发表爱国自卫战争公报我全年歼敌十五万攻克县城二十一座缴各种炮千五百门,1947-01-01,1947-01
中央局、边府暨军区电慰部队伤病员同志祝他们早愈再建功劳,1947-01-01,1947-01
新年贺词,1947-01-01,1947-01
新年献词回顾与前瞻,1947-01-01,1947-01
艰苦奋斗迎接光明解放日报新年献辞,1947-01-01,1947-01
军区首长新年题词,1947-01-01,1947-01
边府暨军区电贺前线将士新年愉快健康,1947-01-01,1947-01
本报启事,1947-01-01,1947-01
边府指示各行署开展春节拥军优军运动,1947-01-01,1947-01
要求黄河堵口延至夏季并迅即拨付居民迁移费晋冀鲁豫中原参议会救济分会致电联总分署太岳各界声援冀鲁豫人民自救行动,1947-01-01,1947-01
为黄河故道人民请命边区文联致电冯玉祥先生,1947-01-01,1947-01
冀鲁豫敌后游击队出奇制胜一日两捷歼敌二百太岳曲襄游击队深入铁路西,1947-01-01,1947-01
中央局机关支部关怀前方将士新年募捐劳军,1947-01-01,1947-01
冀鲁豫前线四个半月自卫战我军五战五捷辉煌战果毙伤俘敌军师旅长以下官兵五万七千余缴坦克十八辆各种炮五百门机枪二千挺,1947-01-01,1947-01
我区六个月爱国自卫战争俘敌将校尉官两千余冀鲁豫四个月俘敌校级以上百余人,1947-01-01,1947-01
冀南翻身农民思想觉悟提高自动进行“比功”丁曹群众说：“第一功该是毛主席！”,1947-01-01,1947-01
中央局边府军区新年慰贺民主建国军西北民主联军全体将士,1947-01-01,1947-01
黎城依据不同情况掌握重点查减生产结合进行,1947-01-01,1947-01
民主政府多方扶植劳资合作经营得法衡水解放一年商业繁荣两倍,1947-01-01,1947-01
新年试谈副刊和群众结合,1947-01-01,1947-01
刘伯承将军在民间,1947-01-01,1947-01
茅盾夫妇抵莫斯科,1947-01-01,1947-01
刘天昭还乡坠子词,1947-01-01,1947-01
太岳小学生争作毛主席的好子弟,1947-01-01,1947-01
好好准备过春节征求春联短剧秧歌,1947-01-01,1947-01
多揭载蒋管区的黑暗,1947-01-01,1947-01
我们的愿望,1947-01-01,1947-01
多登短小文章、增设新栏,1947-01-01,1947-01
希望成为文艺习作的园地,1947-01-01,1947-01
培育更多的通讯员,1947-01-01,1947-01
两块砖头,1947-01-01,1947-01
美大使为伪国大捧场公开干涉中国内政新华社记者评司徒雷登谈话,1947-01-01,1947-01
《民族周刊》要求杜鲁门立即撤退驻华美军并称：“国大”的举行表示马歇尔已告最后失败。,1947-01-01,1947-01
新年带来新的杀敌决心前线部队加紧军事演习某部号召全体指战员加强政治学习、严密组织纪律、提高战斗本领。,1947-01-01,1947-01
陕甘宁蒋军两个旅分路犯我关中分区,1947-01-01,1947-01
济南王耀武部有犯聊城地区模样清丰蒋军出犯被击退,1947-01-01,1947-01
延安广播电台改变播音时间,1947-01-01,1947-01
山东军区一年自卫作战共歼蒋军十二万余今日为山东解放军建军九周年纪念日,1947-01-01,1947-01
铁壁之围,1947-01-01,1947-01
苏联各大工业中心完成一年生产计划莫斯科超过去年生产计划百分之四苏联运输工作获得卓越成绩,1947-01-01,1947-01
希腊游击队组成民主军提出英军撤退重新选举等九项条件如果不被接受将继续抵抗反动政权,1947-01-01,1947-01
法军侵犯越南共和国世界舆论痛加斥责海防法军陷入三面包围,1947-01-01,1947-01
婆罗洲等两岛人民要求并入印尼积极反对荷兰占领当局,1947-01-01,1947-01
蒙哥马利将赴苏联,1947-01-01,1947-01
苏联答应美国举行贸易会议,1947-01-01,1947-01
英工党内部对政府日益不满力主改革外交政策,1947-01-01,1947-01
陈士渠将军谈：我军有足够的力量！,1947-01-01,1947-01
不投降就消灭它！蒋军九十六师师部被歼经过,1947-01-01,1947-01
我军炮兵大显神威配合步兵迅速解决战斗,1947-01-01,1947-01
郝鹏举将军电毛主席朱总司令贺年,1947-01-05,1947-01
冀鲁豫前线指战员电边府、参议会、军区贺年,1947-01-05,1947-01
用光辉胜利迎接新年我军解放聊城钜野嘉祥金乡四关为我控制共歼敌四千余我军主动撤出大名空城待机歼敌,1947-01-05,1947-01
广泛出击晋南三角地带太岳我军光复翼城曲村大交等二十余重镇亦同庆解放,1947-01-05,1947-01
吕梁我军除夕大捷歼灭蒋军一个团四个营蒋军六十一旅旅直亦被消灭,1947-01-05,1947-01
中央局暨军区热烈庆祝新年五千人举行盛大团拜滕副司令员号召军民加强作战、练兵，把毛主席的群众路线普遍贯彻全军，准备全面反攻。,1947-01-05,1947-01
尽管进犯蒋军炮声正烈延安咸具胜利信心迎接新年,1947-01-05,1947-01
陕甘宁南线战事再起蒋胡军三路会犯关中我军英勇抵抗现正展开激战,1947-01-05,1947-01
毛主席新年祝词,1947-01-05,1947-01
一九四七年十大任务——朱总司令元旦广播全文,1947-01-05,1947-01
团结一致艰苦奋斗太岳军民坚信必胜杨主席同蒲前线慰问观感,1947-01-05,1947-01
迎接新任务新胜利全区军民欢度新年,1947-01-05,1947-01
太岳各界团拜祝捷新华日报发表新年献词,1947-01-05,1947-01
威县翻身农民歌唱新年端起饭碗喜盈盈过年不忘毛泽东,1947-01-05,1947-01
冀鲁豫前线捷报三传军民除夕集会庆祝,1947-01-05,1947-01
直属队元旦团拜大会上滕副司令员讲话全文,1947-01-05,1947-01
高树勋将军除夕谈话蒋介石决心继续独裁统治民建军将更积极打击叛逆,1947-01-05,1947-01
为完成一九四七年自卫战争的任务而奋斗,1947-01-05,1947-01
记望梅同志,1947-01-05,1947-01
无比的爱邵耳砦战斗插话,1947-01-05,1947-01
多余的耽心记一个被俘蒋军连长的转变,1947-01-05,1947-01
刘伯承将军在民间,1947-01-05,1947-01
蒋军怕,1947-01-05,1947-01
苏联人民对茅盾的印象,1947-01-05,1947-01
美国小事杂话,1947-01-05,1947-01
简复,1947-01-05,1947-01
台湾发明治痨病的新药,1947-01-05,1947-01
人吃土、土吃人蒋管区民谣选之一,1947-01-05,1947-01
蒋希对话拟“幽默小品”,1947-01-05,1947-01
抗议与控诉美兵强奸北大女生兽行平津京沪学生罢课游行一致高呼：“美军滚出中国去！”,1947-01-05,1947-01
延安观察家评蒋政府预算蒋介石造假账欺骗人民实际支出必数倍于预算,1947-01-05,1947-01
人民控告汉奸案蒋政府不再接受,1947-01-05,1947-01
苏联声誉提高赢得胜利世界人民接近和平建设真理报评国际一年,1947-01-05,1947-01
英陆军部正式宣布蒙哥马利即将访苏此行将远超过拜会性质,1947-01-05,1947-01
五大工会取联合行动日将爆发空前大罢工吉田内阁正酝酿总辞职,1947-01-05,1947-01
美国政治舞台上可能出现第三党,1947-01-05,1947-01
被侮辱与被损害的人,1947-01-05,1947-01
黄河问题的经过,1947-01-05,1947-01
邯郸黄河会谈胜利结束商定延缓五个月放水塔德等同意立即堵住流入黄河故道之水，并商定迅拨付四二九亿元复堤、迁移费。,1947-01-06,1947-01
收复嘉祥战役中俘伪张岚峰部二百聊城我军缴获步枪千支汽车六辆,1947-01-06,1947-01
边区增强自卫力量第一纵队载胜归来全区军民闻讯均兴奋鼓舞苏振华将军畅谈年余战绩,1947-01-06,1947-01
祝一纵队胜利归来,1947-01-06,1947-01
人民无权独夫卖国——蒋记伪宪的真面目,1947-01-06,1947-01
机智截击溃散敌人考城民兵创新战法,1947-01-06,1947-01
武装干部带头示范迅建战争领导机构郓城开展游击战经验,1947-01-06,1947-01
自始至终坚持阵地临泽表扬游击战中模范干部,1947-01-06,1947-01
召开“团结会”加强内部组织冀南继续粉碎地主反攻,1947-01-06,1947-01
邢市发动亲戚邻居互相动员启发落后群众诉苦,1947-01-06,1947-01
太岳军区各机关普遍热烈打石雷,1947-01-06,1947-01
“走张永泰的道路地主生活一定好”涟东地主张洪贵自耕自食生活幸福,1947-01-06,1947-01
冀南军民新年宣誓不骄不懈争取胜利,1947-01-06,1947-01
陕甘宁征购土地法绥德新店区试办成功,1947-01-06,1947-01
广大翻身农民武装保卫果实太行游击战飞跃发展民兵发展超过抗战八年百分七十；战力提高变困扰为歼灭击溃敌军；全区民兵大联防支援边地斗争。,1947-01-06,1947-01
对目前优抗工作的意见,1947-01-06,1947-01
提出三点要求,1947-01-06,1947-01
郝鹏举将军起义周年各解放区纷纷驰电祝贺,1947-01-07,1947-01
中央局指示各区区党委春节时期展开拥爱工作最主要的是打通思想，自觉进行解决军政民关系问题。,1947-01-07,1947-01
打击敌人进犯临沂企图 山东我军反击大胜,1947-01-07,1947-01
冀鲁豫黄委会工程处负责人谈黄河问题蒋方一再破坏复堤迫使我方停工五个月,1947-01-07,1947-01
蒋方破坏协议擅自堵口 图放水达到军事阴谋边府发言人揭露中央社谣言,1947-01-07,1947-01
各线频传捷报迎接新年不少地区我军已握主动一周综合战报十二月二十九日至一月四日,1947-01-07,1947-01
重要补正,1947-01-07,1947-01
冀鲁豫前线各部队贯彻群众路线领导思想与群众思想结合政治工作与战斗指挥结合战术研究与实际战斗结合发扬光大人民军队的特质，创造新的作战方法,1947-01-07,1947-01
第六纵队执行群众路线和古田会议精神的成就,1947-01-07,1947-01
冀南拨治河粮五百卅万斤消灭水灾扩大生产保证运河不决堤，滏阳主流不决口，疏通漳河使二百里泽水早落。,1947-01-07,1947-01
冀南行署召集劳英座谈经验,1947-01-07,1947-01
平陆老区民兵支援敌后反倒算斗争张茅公路群众重获解放摧垮全部伪政权,1947-01-07,1947-01
彻底割掉封建尾巴晋城深入检查翻身长子四区开始填平补齐,1947-01-07,1947-01
翼城逃亡地主返里民主政府拨粮救济并发还代管地房粮食,1947-01-07,1947-01
济宁蒋占广大乡村我正推行土地改革,1947-01-07,1947-01
太岳新华日报发表社论力求春耕以前完成土地改革,1947-01-07,1947-01
榆社解决练武生产查减矛盾,1947-01-07,1947-01
太行不少县份实现耕三余一,1947-01-07,1947-01
战地新年速写,1947-01-07,1947-01
发扬和组织全体指战员的积极性和创造性是政治工作的中心——为总结自卫战争以来政治工作写,1947-01-07,1947-01
毛泽东同志的儿童时代（初稿）,1947-01-07,1947-01
毛主席能治神经病,1947-01-07,1947-01
蒋区学生大罢课时事新快板,1947-01-07,1947-01
吴满有教子,1947-01-07,1947-01
苏联爱国自卫战争诗选之一金色头发翘耸耸,1947-01-07,1947-01
唱旧戏、莫浪费,1947-01-07,1947-01
吴拐小学是怎样改造的？,1947-01-07,1947-01
无敌的英雄们,1947-01-07,1947-01
法国大画家毕加索的艺术观世界艺术家侧影,1947-01-07,1947-01
不识字的王小三,1947-01-07,1947-01
美军强奸女生兽行激起全国义愤各界支援学生抗议运动沪杭等地各校学生加强联系一致行动,1947-01-07,1947-01
塘沽美兵又行凶打死工人罗光福市民群情激愤提出抗议,1947-01-07,1947-01
反对美军暴行沪学生发起抵制美货,1947-01-07,1947-01
美军强奸女生消息蒋介石禁止各报刊载,1947-01-07,1947-01
“美舰被迫撤离大连”纯系反动报纸造谣真理报与美官员均证实,1947-01-07,1947-01
丹政府正式要求美军撤出格陵兰,1947-01-07,1947-01
生产过剩销路成问题美国物价开始大跌工人要求增资，每天进厂出厂时间，应算工钱。,1947-01-07,1947-01
美扶植日本工业英纺织业受威协曼彻斯特卫报表示不满,1947-01-07,1947-01
辉煌的自卫战绩东北晋绥一年合计歼敌十九万余晋察冀半年作战千余次缴获甚多,1947-01-07,1947-01
美新国会选举共和党占多数反动分子范登堡将任外委会主席,1947-01-07,1947-01
美国对华政策错误皮那科夫、白修德等发表评论,1947-01-07,1947-01
美国袒护德国战犯竟释放纳粹八十万,1947-01-07,1947-01
国际零讯,1947-01-07,1947-01
南非共产党大会开幕各代表猛抨政府排斥有色民族,1947-01-07,1947-01
苏代表向联合国秘书长建议全部裁军方案应速草成美国操纵下原子能常委会通过巴鲁区计划,1947-01-07,1947-01
大学教授大声疾呼不再沉默行动起来,1947-01-07,1947-01
新年前后的世界苏联总结生产成就美国面临经济危机,1947-01-07,1947-01
英苏关系日益密切,1947-01-07,1947-01
美在巴西组织经济侵略团体,1947-01-07,1947-01
临沂外围大歼灭战胜利结束我歼蒋军三个半旅生俘一万三千缴重炮四十余门,1947-01-08,1947-01
吕梁我军再捷扫灭蒋军两千余人活捉六一七旅副旅长陈诚武绥远南部我收复清水河县城,1947-01-08,1947-01
陷观城敌出犯遭重挫临漳县城失而复得金乡城仍在我军围困中钜野战役俘敌副支队长,1947-01-08,1947-01
日暮途穷的呼吁解放日报评蒋介石元旦演说,1947-01-08,1947-01
太岳曲绛翼攻势战果歼蒋阎军千一百人,1947-01-08,1947-01
山东河务局长发表谈话反对蒋介石擅自放水要求速拨工款迁移费,1947-01-08,1947-01
保定外围我克两据点,1947-01-08,1947-01
伪国大开会时 陈诚狂吠扩大内战,1947-01-08,1947-01
不顾蒋政府的压迫学生抗议运动澎湃延安社会人士责斥蒋介石为美军暴行辩护,1947-01-08,1947-01
岁首献礼庆祝山东及冀鲁豫大捷,1947-01-08,1947-01
钜野围歼战,1947-01-08,1947-01
冀鲁豫前线某将军除夕论战局,1947-01-08,1947-01
冀鲁豫战场目前形势,1947-01-08,1947-01
照顾贫苦军属密切军属群众关系临城创分果实新经验军属自报所需由评议会议定同样东西同样户先分给军属,1947-01-08,1947-01
争取完全实现耕者有其田沁源大力进行查封建补窟窿,1947-01-08,1947-01
西良完成土地改革农民欢欣迁居新屋,1947-01-08,1947-01
襄陵展开诉苦复仇格子网中进行土地改革,1947-01-08,1947-01
平原高唐边沿人民反蒋保田,1947-01-08,1947-01
太岳炸弹某所产量大增质量提高,1947-01-08,1947-01
垣曲后勤工作经验军政合组后勤指挥部成立分散流动供应站,1947-01-08,1947-01
如何带领担架队？——南峰二区战勤工作经验,1947-01-08,1947-01
冀鲁豫四地委党校进行驻地群众工作宣传时事节约民力,1947-01-08,1947-01
高树栋严冬下水架浮桥刘宝驹亲率民兵夺敌碉太行三专署等记功表扬,1947-01-08,1947-01
各地翻身农民热烈劳军优抗,1947-01-08,1947-01
邯郸岗西小区六天造石雷万颗,1947-01-08,1947-01
愤怒的浪潮——记北平学生反对美军暴行运动,1947-01-08,1947-01
太岳一年群运回顾,1947-01-08,1947-01
军直十一单位捐款慰劳前方,1947-01-08,1947-01
玩弄两面手段破坏邯郸协议蒋介石悍然继续放水冀鲁豫黄委会王主任警惕全区军民，仍应积极努力自卫自救。,1947-01-09,1947-01
军区公布太行太岳民兵战绩一年共计歼敌万余作战万余次参战民兵达廿万,1947-01-09,1947-01
用实地作战教育新战士焦五保创造新范例太岳军区首长号召大家学习,1947-01-09,1947-01
太岳前线记者指出向焦五保学习什么？平时以身作则，沉着勇敢带头，对新战士进行时事教育。,1947-01-09,1947-01
观城敌出犯被击退蒋军再陷濮县空城,1947-01-09,1947-01
军区通令嘉奖模范游击队武工队民兵杀敌英雄并号召全区向他们学习多建功劳,1947-01-09,1947-01
人民的力量是不可侮的,1947-01-09,1947-01
冀南四分之三县份彻底完成土地改革二百五十万农民涌入组织以无比热情普遍发展生产,1947-01-09,1947-01
长治打破自满深入落后层反复检查隐藏地主发现十八村中百户地主未斗彻底,1947-01-09,1947-01
太岳军区卫生部医疗工作显著进步二十一分区卫生所开展加速治愈伤员运动,1947-01-09,1947-01
蒋航空人员继续退出内战祝陈两先生抵我区,1947-01-09,1947-01
新四军卫生部开展伤员保暖运动,1947-01-09,1947-01
解决特别穷苦村土地问题武乡三区试行部分移民,1947-01-09,1947-01
拥干爱民大家翻身沁县各村干部群众关系改善,1947-01-09,1947-01
苏店南街突破落后隐蔽地主全被斗垮,1947-01-09,1947-01
钱信忠部长谈：卫生工作的新改进,1947-01-09,1947-01
高尚的革命感情,1947-01-09,1947-01
蒋军破坏治河的罪行,1947-01-09,1947-01
周恩来同志对黄河问题严正声明蒋介石惨无人道堵口放水蓄意淹毙故道数百万军民紧急呼吁国内外人士及联总制止蒋介石这种罪行！,1947-01-10,1947-01
太行我军主动反击汤阴收复赵公园等三据点伪孙部七百余人就歼,1947-01-10,1947-01
晋中阎军进犯被我消灭千名蒲县外围歼蒋胡军四百,1947-01-10,1947-01
美军不退出，运动不停止！南京学生继续示威香港学生妇女亦决议参加运动平津沪各界继起抗议美军暴行,1947-01-10,1947-01
鲁南大捷补充公报：我军歼敌达二万七缴坦克二十余辆各种炮四百门乘胜西进光复邳县城,1947-01-10,1947-01
进犯关中蒋军受挫后蒋介石妄图蒙蔽国人竟公然否认向我进攻新华社记者列举事实予以驳斥,1947-01-10,1947-01
号角响了，奋勇前进！解放日报论平津京沪学生抗议美军兽行运动,1947-01-10,1947-01
观城打通群运战勤结合思想坚决贯彻土地改革翻身农民热情百倍自觉参战,1947-01-10,1947-01
观城寿张等地战勤生产结合进行观城四区分果实填平补齐,1947-01-10,1947-01
和地主本家抓破脸武邑一区新老积极分子检讨作风,1947-01-10,1947-01
以问答方式提高群众觉悟隆平举行翻身测验,1947-01-10,1947-01
我军政干部于聊城解放日公祭民族英雄范筑先,1947-01-10,1947-01
大名五百农民参军鸡泽小寨党员安勤书串连十二名民兵入伍把进犯蒋军消灭掉！,1947-01-10,1947-01
民主政府发粮发衣救济郓城被难人民,1947-01-10,1947-01
磁县六区工会八区窑工新年捐款四十万劳军,1947-01-10,1947-01
如何解决农民内部问题,1947-01-10,1947-01
聊城浩劫,1947-01-10,1947-01
解放前后,1947-01-10,1947-01
灾难中的水冶,1947-01-10,1947-01
干部群众解除疙瘩青修村迅速完成填补运动,1947-01-10,1947-01
九年痛苦一旦解除傅家父老感谢我党——傅斯年先生故乡访问,1947-01-10,1947-01
读者意见,1947-01-10,1947-01
人民的戏剧家王大化逝世,1947-01-10,1947-01
毛泽东同志的儿童时代（一续）,1947-01-10,1947-01
“我们的老妈妈”为庆祝徐老七十大寿而作,1947-01-10,1947-01
人民的老师——敬祝徐特立同志七十大寿,1947-01-10,1947-01
忠勇的老翁和小孩,1947-01-10,1947-01
海源阁傅斯年,1947-01-10,1947-01
歌谣,1947-01-10,1947-01
范筑先将军墓前,1947-01-10,1947-01
歌曲,1947-01-10,1947-01
蒙哥马利飞抵莫斯科发表谈话：愿望密切建立苏英军队关系。,1947-01-10,1947-01
贝纳斯已呈准辞职马歇尔任美国务卿,1947-01-10,1947-01
马歇尔将返美,1947-01-10,1947-01
巴勒斯坦发生暴动,1947-01-10,1947-01
苏美不会战争美民意测验结果,1947-01-10,1947-01
苏暹恢复外交关系,1947-01-10,1947-01
美国产联代表大会决议要求政府停止援蒋遵循罗斯福外交政策加强三强合作,1947-01-10,1947-01
法反动分子源源运兵越南酝酿新战印尼加强团结，积极准备粉碎荷军再度进攻。,1947-01-10,1947-01
解放日报评蒙哥马利访苏,1947-01-10,1947-01
日共举行代表大会讨论各种政策及对地方选举方针,1947-01-10,1947-01
真理报著文抨击英美军事秘商威胁和平不管如何掩盖仍然令人疑虑,1947-01-10,1947-01
蒙哥马利介绍,1947-01-10,1947-01
时事问答,1947-01-10,1947-01
国际零讯,1947-01-10,1947-01
日本共产党,1947-01-10,1947-01
鱼台近郊展开围歼战我消灭蒋军万人俘敌旅长谢梦权缴大小炮三十六门,1947-01-11,1947-01
晋南我某游击队创造军事政治联合进攻范例,1947-01-11,1947-01
中共诸老及各地党委电贺徐老七秩大寿,1947-01-11,1947-01
华中民主联军成立周年毛主席朱总司令电贺,1947-01-11,1947-01
蒋军冒险侵入冀南八百万人民必予痛歼冀南军区发言人谈话,1947-01-11,1947-01
鲁南被我歼灭之敌大部分是蒋军嫡系蒋介石两个美械快速纵队被歼一半,1947-01-11,1947-01
晋绥清水河之役我歼傅伪军七百余,1947-01-11,1947-01
解放区青年妇女文化各界声援全国学生爱国运动痛斥蒋介石卖国媚外无耻行为,1947-01-11,1947-01
吕梁井沟补充战果总计歼敌三千,1947-01-11,1947-01
渝沪汉平苏杭等地学运继续高涨坚持美军必须撤退,1947-01-11,1947-01
天津部分美兵表示愿意回国,1947-01-11,1947-01
内战军费达百分之八十蒋政府财政走上死路今年度预算远远超过九万亿,1947-01-11,1947-01
蒋介石扩大东北海港便利美帝国主义侵略,1947-01-11,1947-01
吉林我歼敌两营活捉营长以下七百,1947-01-11,1947-01
高树勋将军致电赵守钰氏 呼吁顾念民命停止放水,1947-01-11,1947-01
玩水者灭顶！,1947-01-11,1947-01
转变集中使用民兵被动挨打战术大胆进击敌人心脏太岳武总表扬灵冀民兵新战法洪赵临襄民兵歼敌百名缴汽车两辆,1947-01-11,1947-01
成磁县练武打地雷商城区成立翻身营,1947-01-11,1947-01
冀南三分区武委会特制光荣证章准备奖给创立头等功劳英雄,1947-01-11,1947-01
保护物资防敌劫夺车辆磁县组织运输大队集中边地车辆从事军运营业,1947-01-11,1947-01
鲁中渤海敌后武工队有力支援边地群运,1947-01-11,1947-01
天水岭翻身妇女生产劲头大纺车织机日夜不停,1947-01-11,1947-01
沁源妇女热心纺织努力学会使用拉梭机,1947-01-11,1947-01
太行注意解决冬季生产障碍,1947-01-11,1947-01
统一领导按活分红潞城解决运输支差矛盾,1947-01-11,1947-01
晋绥行署军区通令各机关部队退还公地给农民,1947-01-11,1947-01
南华人民的靠山,1947-01-11,1947-01
博爱焦作撤出群众生产自给生活改善,1947-01-11,1947-01
人尽其材物尽其用小杜余沟大搞生产,1947-01-11,1947-01
两年间的创造——太行二届群英大会综合报导,1947-01-11,1947-01
千方百计淹害人民——行总推拖供给治河物资纪实,1947-01-11,1947-01
郝鹏举将军率部向毛主席、朱总司令致谢誓愿献身爱国自卫战争,1947-01-12,1947-01
杨主席再度发表谈话号召沿河居民武装自救痛斥蒋介石擅放黄水淹我解放区新华社记者揭穿中央社无耻造谣,1947-01-12,1947-01
太行五百万人民支援黄河故道居民,1947-01-12,1947-01
敌后地方兵团奇袭光辉战例豫皖苏我克涡阳城一度破坏陇海路开封敌极恐慌严重威胁苏皖冀鲁豫进犯蒋军,1947-01-12,1947-01
大名永年魏县一带我猛烈展开游击战元朝民兵成立抗蒋营,1947-01-12,1947-01
蒲县大宁附近蒋军被我击退,1947-01-12,1947-01
闻喜游击集团粉碎蒋军“清剿”,1947-01-12,1947-01
培养好炮手改进迫击炮赵章成受军区表扬,1947-01-12,1947-01
蒋军快速纵队的覆灭,1947-01-12,1947-01
北平美军兽行激起全国悲愤五十万人卷入抗议运动各地学生继续响应运动深入发展蒋政府媚外辱国千方百计图镇压中国人民爱国主义的新高潮！,1947-01-12,1947-01
放下武器阎军总指挥杨澄源盛赞解放区民主建设,1947-01-12,1947-01
武汉学生游行,1947-01-12,1947-01
声援学生运动陕甘宁青妇联誓为后盾延安邯郸等地专题广播齐齐哈尔各界举行大会,1947-01-12,1947-01
出奇制胜,1947-01-12,1947-01
士敏二十九村经过翻身检查五千农民翻透身,1947-01-12,1947-01
冀县农民运动中发动妇女经验,1947-01-12,1947-01
翻身检查与生产结合黎城北流村创造经验,1947-01-12,1947-01
临清解放一年市面繁荣私营工商业大赚钱,1947-01-12,1947-01
民主政府与冀南银行扶助下瑞华银行营业发达半年已收足资金四万万余元总行一处吸收存款十万万,1947-01-12,1947-01
阳城设立商联学校,1947-01-12,1947-01
潞城新区发现六百户地主未斗彻底五百户农民根本没翻身号召克服自满春耕前完成土地改革打破自满情绪长治二区村干参观打垮封建程度图表，进一步揭露地主狡计。,1947-01-12,1947-01
比生活揭穿地主装穷许村松烟雇贫填平和顺运动正向山沟深入发展,1947-01-12,1947-01
邢市三区西大街联合斗争转入小型清算各基点展开突击落后竞赛,1947-01-12,1947-01
邢台市备战反特大胜利破获天主堂特务巨案十五万群众教民控诉主教等罪行,1947-01-12,1947-01
陵川平城镇翻身农民集股经营利民银号扶助农村生产大家发财致富,1947-01-12,1947-01
宁南丁曹拥军剪影,1947-01-12,1947-01
冀南十二月群运回顾,1947-01-12,1947-01
纪念政协周年声援爱国学运延安各界悲愤集会大会向为政协牺牲的“四八”被难烈士致哀后，一致痛斥美蒋罪行。,1947-01-13,1947-01
刘伯承将军所部直属队纪念停战协定周年誓以英勇作战支援平津等地学生抗议美军运动，坚主美军立即滚出中国去；并请民主政府规定十一月四日为国耻纪念日。,1947-01-13,1947-01
去年一月停战令公布后边区厉行和平建设惜蒋介石背信弃义大举进犯致和平无法实现边府杨主席对记者谈话,1947-01-13,1947-01
延安欢祝徐老寿诞,1947-01-13,1947-01
冀鲁豫十天辉煌战果收复县城四座歼敌一万五千,1947-01-13,1947-01
中央局暨军区电贺鱼台大捷,1947-01-13,1947-01
新华社记者评鱼台外围之捷我军战斗力日益强大一天歼敌九千证明战术技术空前提高蒋军图挽回主动之挣扎落空,1947-01-13,1947-01
冀鲁豫前线各部队展开互学运动组织参观团到处观察研究互相推动更向前进一大步,1947-01-13,1947-01
祝鱼金之捷,1947-01-13,1947-01
观城蒋军东犯遭我严重打击陷范县城敌狼狈逃窜涡阳城周围我军克复十五个据点我游击小组一度袭入新乡飞机厂,1947-01-13,1947-01
三强关系变化的重要标志,1947-01-13,1947-01
战胜财经困难迎接光明冀鲁豫区党委号召机关个人生产节约自给行署等机关上半年将节约五百万元,1947-01-13,1947-01
冀鲁豫财办处通令嘉奖经济工作模范杨友清一贯听从分配积极工作爱护资财,1947-01-13,1947-01
经翻身运动与政府扶助恩察一带毡帽业繁荣年产毡帽二十五万顶换回大量必需品,1947-01-13,1947-01
全体工人武装守卫苏村煤窑全部复工,1947-01-13,1947-01
辉县游击战争党的一元化领导经验,1947-01-13,1947-01
蒋区美货泛滥解放区百业繁荣欢迎民族工业资本家到解放区来投资经营边区贸易总局长刘岱峰谈话,1947-01-13,1947-01
穷苦村变成大工厂,1947-01-13,1947-01
美帝国主义一年来助蒋内战一笔总账,1947-01-13,1947-01
民主政府批准群众要求峰峰大量发展小煤窑十天内二十二座开工日产煤百万斤,1947-01-13,1947-01
一斤硝净赚八斤米五十天产硝六万斤潞城工人总结经验提高技术,1947-01-13,1947-01
为民除害奋不顾身聊城解放之役官兵恐后争先,1947-01-13,1947-01
能文能武智勇双全中共太行三地委号召边沿各县大力开展郭兴运动,1947-01-13,1947-01
蒋军必败（活报剧）,1947-01-13,1947-01
毛泽东同志的儿童时代（续完）,1947-01-13,1947-01
春联（一束）,1947-01-13,1947-01
防止浪费、保持热气,1947-01-13,1947-01
介绍一个好农村剧团“群众翻身自唱自乐”的典型,1947-01-13,1947-01
关于郭镜如的抽线机,1947-01-13,1947-01
斯大林接见蒙哥马利苏军参谋长等将应邀访英英工党多数支部不满政府反苏政策，要求举行特别会议讨论。,1947-01-13,1947-01
选举最高苏维埃候选人苏联各地热烈进行共产党人与无党派人民紧密团结,1947-01-13,1947-01
加紧本年生产建设苏各大工厂积极筹备乌克兰建筑专家忙于设计重建被毁城镇。,1947-01-13,1947-01
爱因斯坦指斥美军国主义统治科学,1947-01-13,1947-01
苏联概况,1947-01-13,1947-01
意共举行代表大会党员飞跃发展快达二百二十万,1947-01-13,1947-01
安理会开幕将讨论裁军方案,1947-01-13,1947-01
盟国对日委员会讨论彻底肃清日本战犯苏英代表质问美方为何拖延执行,1947-01-13,1947-01
东南亚人民渴求自由印度孔坡十万人罢工缅甸举行独立运动周,1947-01-13,1947-01
杜鲁门咨文国会强调早日对德日缔和约,1947-01-13,1947-01
地名简释,1947-01-13,1947-01
鲁南我军再获大捷解放峄县歼敌三团当地居民扶老携幼随军重返家园,1947-01-14,1947-01
太岳我军乘胜追击一举收复蒙城高显控制同蒲路南段达四十里,1947-01-14,1947-01
观城美械蒋军东犯被我歼灭五十余人,1947-01-14,1947-01
延大增设新闻外文班,1947-01-14,1947-01
淮北及鲁南大捷创歼机械化蒋军范例新四军首长传令嘉奖,1947-01-14,1947-01
歼敌六万余人解放县城七座,1947-01-14,1947-01
杨戎正副主席电贺鱼台胜利,1947-01-14,1947-01
中央局军区电贺鲁南大捷号召我区军民向他们学习,1947-01-14,1947-01
抗击蒋军血腥屠杀西康民军占领四城十余万夷汉人民武装声势浩大蒋军三旅“进剿”大战行将展开,1947-01-14,1947-01
对于战后国际形势中几个基本问题的解释,1947-01-14,1947-01
郓城中小逃亡地主相率脱离蒋军返里重度幸福生活财权人权均获保障,1947-01-14,1947-01
大王启开座谈会揭穿蒋特谣言地主农民团结备战被清算地主宣誓跟农民走,1947-01-14,1947-01
准备就地坚持游击战隆平及成磁五区分别集训与检阅全部民兵,1947-01-14,1947-01
衡武枣三县大地主孙殿元感谢农民烟瘾戒掉身体健壮愉快劳动,1947-01-14,1947-01
冀南二分区参军潮再起武城农民整连入伍,1947-01-14,1947-01
结合实战训练民兵冀南四分区集中民兵数千开赴元氏边沿区打击蒋伪,1947-01-14,1947-01
及时指导全面工作丰富反映实际冀南日报改日刊,1947-01-14,1947-01
冀鲁豫敌后地方武装主动出击屡战屡捷敌后局面大为改观冀鲁豫日报特发社论,1947-01-14,1947-01
横征暴敛穷富难活观台蒋军逼死地主吴同福认清敌友逃来我区,1947-01-14,1947-01
地主林得山新生,1947-01-14,1947-01
纪念停战令及政协会议周年边区各界万人集会,1947-01-15,1947-01
大会通电全国各界揭露蒋美狼狈为奸,1947-01-15,1947-01
叶剑英同志等电慰我全区将士热切期望再接再厉，粉碎蒋介石进攻。,1947-01-15,1947-01
浮山民兵蛛网联防蒋军处处挨打城南村战斗中，民兵高唱战歌，气得蒋军哭笑不得。,1947-01-15,1947-01
城武地方兵团反击歼敌营长以下百名,1947-01-15,1947-01
太岳各部队热烈展开焦五保运动用说故事等方式广泛介绍,1947-01-15,1947-01
阿瓦林抨击美蒋合作奴役中国将引起人民新斗争,1947-01-15,1947-01
蒙哥马利欣然返国行前发表声明，两国军队必须在巩固持久和平的任务中一起向前迈进。,1947-01-15,1947-01
杨戎正副主席电贺鲁南大捷,1947-01-15,1947-01
学生代表大声疾呼反对北平美军兽行,1947-01-15,1947-01
高树勋将军致书国民党将士呼吁立即停止内战指出美帝国主义才是我们的敌人,1947-01-15,1947-01
张葫卢村组织思想讨论提高中农会员觉悟,1947-01-15,1947-01
领导群众翻身有功宁南崔县长等受奖善于深入与学习群众，善于听取与研究群众反映。,1947-01-15,1947-01
太岳晋高等地抓紧填补争取旧历年底完成土地改革,1947-01-15,1947-01
济源集中力量发动农民廿天内完成土地改革积压果实统一处理分配,1947-01-15,1947-01
屯高实现耕者有其田村农民鼓乐集会欢度土地还家,1947-01-15,1947-01
观城贯彻打垮封建贫苦农民分得土地,1947-01-15,1947-01
高平定出填补标准依据中农平均数全村窟窿一齐填,1947-01-15,1947-01
沁县干部深入山沟检查翻身高潮再起,1947-01-15,1947-01
吸取太行组织起来的经验准备大生产,1947-01-15,1947-01
农民的创造晋城填平补齐零记,1947-01-15,1947-01
太行两年来翻身杀敌生产经验,1947-01-15,1947-01
军区政治部指示开展拥政爱民运动,1947-01-16,1947-01
太岳军区政治部颁布今年拥政爱民公约,1947-01-16,1947-01
金乡外围我军又歼敌一个团濮县城为我军收复,1947-01-16,1947-01
文汇报等评马歇尔声明美支持蒋方压迫中共这种作法是作茧自缚,1947-01-16,1947-01
民主同盟发表声明坚决反对蒋记“宪法”指斥所谓“行宪”是长期内战,1947-01-16,1947-01
经济危机不可避免美生产达顶点杜鲁门发表经济报告，透露正图“觅寻商品销路”。,1947-01-16,1947-01
旧历年关工人要求年赏 上海工潮风起云涌包括全市工商业数千家及政府机关,1947-01-16,1947-01
同蒲阎军作南犯蠢动,1947-01-16,1947-01
评马歇尔离华声明周恩来同志一月十日在延安纪念会上的讲演,1947-01-16,1947-01
黎城财政干部克服单纯征收观点组织群众生产缴款财政管理结合生产整顿村公产投资搞生产村款村筹不向群众征收,1947-01-16,1947-01
豁免地款全部边款一半和顺整理县财政结余全部投入生产,1947-01-16,1947-01
发展副业积蓄资本冀南各地准备大生产解决春耕各种困难,1947-01-16,1947-01
晋绥发放棉贷组织新区生产盈利解决春耕困难,1947-01-16,1947-01
邯市五万人民推派代表慰问前方将士,1947-01-16,1947-01
吃水不忘掏井人过年不忘八路军各地热烈劳军优抗榆社各村干部检讨一年优抗工作,1947-01-16,1947-01
平顺分配果实照顾烈属军属,1947-01-16,1947-01
加强财经工作克服困难,1947-01-16,1947-01
太行二分区各地群众冬季生产发财,1947-01-16,1947-01
孙秘书长以身作则倡导下边府掀起节约潮节约合冀钞五十五万余元,1947-01-16,1947-01
简讯,1947-01-16,1947-01
太行两年来翻身杀敌生产经验（续完）,1947-01-16,1947-01
蒋军必败活报剧,1947-01-16,1947-01
冀南宁南群众翻身诗歌四户榜,1947-01-16,1947-01
在敌人后方,1947-01-16,1947-01
深入时事教育的范例,1947-01-16,1947-01
东欧·东南欧新民主国家日益壮大积极进行经济复兴建设捷克完成大工业国有南国修复铁路千公里,1947-01-16,1947-01
四外长关于的港决定安理会已接受波那英美军私自搬物资居民不满引起流血冲突,1947-01-16,1947-01
美国支持反动分子图破坏波国会选举真理报观察家为文指出,1947-01-16,1947-01
蒙哥马利返抵伦敦,1947-01-16,1947-01
美帝国主义的军事扩张,1947-01-16,1947-01
河内海防南定三角地带法军对越南开始新进攻荷印激战在棉兰等地展开,1947-01-16,1947-01
新民主国家介绍波兰,1947-01-16,1947-01
政协会议后的蒋介石卖国,1947-01-16,1947-01
坚决主张驱逐美军出境各解放区一致同情纷纷支援全国学生进行持久斗争,1947-01-16,1947-01
消息报观察家抨击称：美国扩展海军基地显与和平背道而驰,1947-01-16,1947-01
不可抑制的愤怒停战令和政协会议周年纪念会特写,1947-01-16,1947-01
延安新华广播电台改变播音时间,1947-01-17,1947-01
魏县民兵转入敌后作战漳南燃起游击战火坚决镇压蒋特群众斗争情绪提高,1947-01-17,1947-01
鲁南解放郭里激战枣庄外围我军再歼敌千二百收复峄县之役共歼蒋军七千二十六师师长马励武被活捉我缴坦克七辆各种炮数十门,1947-01-17,1947-01
吉林我军继续扩张战果又歼敌两千余辽东我游击队恢复广大地区,1947-01-17,1947-01
美名作家罗辛格著文称中国内战是美国罪恶苏红舰队报赞扬解放区民主改革,1947-01-17,1947-01
法国即将选举总统,1947-01-17,1947-01
《中央日报》发出悲鸣：南京五百工厂商店关门是经济完全破产的信号天津工潮一年达二百六十三次,1947-01-17,1947-01
抗议驻日美军法庭无理判处台胞徒刑台湾学生万人示威长沙学生继起声援抗议美军暴行运动 天津大公报亦著论主张美军退出中国,1947-01-17,1947-01
资产阶级经济学者也说美国在今年底以前就会发生经济危机,1947-01-17,1947-01
比较陆定一同志一月十日演说全文,1947-01-17,1947-01
中共太行区党委指示老区彻底查减,1947-01-17,1947-01
深入搜查隐蔽地主临清等地检查翻身,1947-01-17,1947-01
组织村村互助检查尧山贯彻消灭封建,1947-01-17,1947-01
联合斗倒大恶霸土地房屋归农民阳谷推进土地改革,1947-01-17,1947-01
“大村带小村富村带贫村”馆陶注意小穷村翻身,1947-01-17,1947-01
济宁全县动员贯彻土地改革,1947-01-17,1947-01
胡楼土地还家取得两点经验,1947-01-17,1947-01
老英雄万福生坚决领导群众翻身,1947-01-17,1947-01
“到了城外如到天堂”永年逃出难民伪军群运中都分到财产,1947-01-17,1947-01
运送救资备遭蒋方留难迫害联总哈里逊大夫病逝冀鲁豫行署等正筹备隆重追悼,1947-01-17,1947-01
太行太岳各界集会通电抗议美军兽行声援爱国运动,1947-01-17,1947-01
适应翻身群众要求冀鲁豫文联改造年画,1947-01-17,1947-01
停战令一周年太行军区发表公告蒋军撕毁停战协定对我进攻八百余次,1947-01-17,1947-01
武安城关检查二次翻身运动旧年前发动大斗争,1947-01-17,1947-01
太行分果实经验,1947-01-17,1947-01
王家庄充分发动群众的经验,1947-01-17,1947-01
金乡前线我军再获重大胜利张岚峰部两团被歼三千人遭生擒张逆岚峰仅以身免观城东我击毙第五军百余名,1947-01-18,1947-01
豫皖苏敌后半年光辉战绩我军共歼敌二千余,1947-01-18,1947-01
赵城安泽民兵伏击同蒲路七分钟歼敌四十七,1947-01-18,1947-01
寿阳民兵出击正太线逼近阎伪据点布雷袭入马首车站获胜而归,1947-01-18,1947-01
十天歼敌三十三名安阳地雷战发挥威力辉县地方武装深入敌后主动出击,1947-01-18,1947-01
前线某部创造“报功单”部队战斗情绪提高,1947-01-18,1947-01
反对征兵征粮进行内战川黔绥农民武装抗蒋,1947-01-18,1947-01
鲁南战役放下武器军官敬佩我军歼灭快速纵队,1947-01-18,1947-01
吉林九台地区我军歼敌两团,1947-01-18,1947-01
蒋管区年关经济危机严重沪工商业相继破产河北蒋区苛杂繁重良田荒芜,1947-01-18,1947-01
解决中国问题先决条件是铲除美帝国主义影响莫斯科广播评论称,1947-01-18,1947-01
天津大公报抨击伪宪蒋介石妄图维护独裁造成中国的长期分裂,1947-01-18,1947-01
美国扶植下日货卷土重来大批棉纱运销沪港,1947-01-18,1947-01
旧历年关到来延市生意兴隆边币比值提高物价下跌,1947-01-18,1947-01
太行区党委总结新区土地改革指示继续深入运动方向,1947-01-18,1947-01
发动落后农民太行取得经验,1947-01-18,1947-01
确保贫苦农民翻身沁县打乱分配果实推动全县农民纷纷参加斗争,1947-01-18,1947-01
长子六区精密计算按需要分等填补,1947-01-18,1947-01
晋城创造填补新办法天水岭农民自愿换平东西贤村中农不动打乱平分,1947-01-18,1947-01
太行区党委、军区、行署前线联合慰问团出发全区正开展百万封慰问信运动,1947-01-18,1947-01
两个天地,1947-01-18,1947-01
隆平增设五个委员会保证迅速公平分果实,1947-01-18,1947-01
长治市一区分果实尽先填平军属,1947-01-18,1947-01
太行三地委指示各县抓紧年关群众教育,1947-01-18,1947-01
中共中央某负责人答记者蒋介石喧嚷“和谈”完全是欺骗作用企图取得休整机会重新进攻中共和全国人民决不再受骗,1947-01-19,1947-01
冀鲁豫我军收复城武金乡外围歼敌万人豫皖苏我军又歼敌千余,1947-01-19,1947-01
平原县积极开展爆炸运动民兵寇明珍屡建奇功冀南武委总会特通令表扬予寇同志以爆炸英雄称号,1947-01-19,1947-01
冀南各部队开展立功运动三六部队具体订定立功条件,1947-01-19,1947-01
蒋方悍然放黄水洪流已达鄄城境沿河居民正努力抢救,1947-01-19,1947-01
冀南地方兵团及民兵渡过漳河收复双庙歼伪程道生部营长以下四百,1947-01-19,1947-01
人枪三十余万屡败蒋军围剿民军震撼川康滇黔各部队间团结密切纪律良好西康陈经武部拟组人民政府,1947-01-19,1947-01
太行游击兵团一周歼敌四百,1947-01-19,1947-01
冀鲁豫地方兵团十天歼敌四百余,1947-01-19,1947-01
秦皇岛工人响应爱国学运万五千人罢工游行,1947-01-19,1947-01
蒋介石包庇汉奸,1947-01-19,1947-01
安阳民兵地雷冷枪战结合创五十三比零新纪录博爱武工队正展开捕捉运动任秀河武工队突袭焦作市区,1947-01-19,1947-01
威县二区区干克服麻痹深入群众突破落后苏庄新积极分子串连老实农民纷纷诉苦,1947-01-19,1947-01
浮山赵村通过“医伤会”改善村干与群众关系,1947-01-19,1947-01
钱决买不动我的心北吉里村群众领袖当众揭破地主阴谋,1947-01-19,1947-01
武训各区深入检查解决悬案纠正脱离群众现象,1947-01-19,1947-01
武城分配果实经验照顾人口少的贫雇农,1947-01-19,1947-01
元朝地主决心转变努力生产积极备战,1947-01-19,1947-01
临清解放一年市政建设猛进,1947-01-19,1947-01
冀鲁豫节省村款开支模范村干辈出,1947-01-19,1947-01
北大员生愤怒集会抗议北平美军暴行声援蒋区爱国学运,1947-01-19,1947-01
太行行署嘉奖武乡盲人宣传队自编新内容弹词七十余种走遍十三县,1947-01-19,1947-01
平定二高宣传队下乡宣传时事组织群众生产,1947-01-19,1947-01
赵店查减胜利结束贫农全部上升中农冬学里庆祝翻身选出英雄三十七人,1947-01-19,1947-01
晋冀鲁豫边区政府公布黄河归故交涉及工程进行经过,1947-01-19,1947-01
平顺下庄翻身检查中调整干部群众关系的经验,1947-01-19,1947-01
注意克服二流子习气,1947-01-19,1947-01
上海文艺界集会决议请美军滚蛋,1947-01-19,1947-01
怎样学习业务？,1947-01-19,1947-01
元旦四绝,1947-01-19,1947-01
阎宝航先生谈：蒋家卖国、贪污、反政协内幕,1947-01-19,1947-01
征求思想和业务学习的文稿,1947-01-19,1947-01
歌剧“王克勤班”演出以后,1947-01-19,1947-01
大家来服务为大家服务,1947-01-19,1947-01
干部家属的工作生活问题,1947-01-19,1947-01
黄河故道经过边区那些县？,1947-01-19,1947-01
文字工作者的卫生法,1947-01-19,1947-01
书店应当附设阅览处,1947-01-19,1947-01
怎样取火？,1947-01-19,1947-01
义务邮箱,1947-01-19,1947-01
代信,1947-01-19,1947-01
苏联阿美尼亚共和国鉴成九十条运河全长七千公里，灌溉二十万海克脱土地。,1947-01-19,1947-01
北极斯匹次培根群岛上苏挪协议共同联防,1947-01-19,1947-01
苏真理报严正谴责贝文违背英苏条约,1947-01-19,1947-01
发动巩固英苏友谊运动英苏协会将举行大会苏驻英大使易人,1947-01-19,1947-01
伦敦两万余汽车工人要求增资罢工,1947-01-19,1947-01
法临时总理勃鲁姆访英商谈两国对德经济政策,1947-01-19,1947-01
法共支持社会党候选人奥勒尔当选法总统国会两院议长均已选出,1947-01-19,1947-01
法兰西,1947-01-19,1947-01
讨论对德奥缔结和约程序四外长代表会议开幕法共议员加善指责英美扶植德工业,1947-01-19,1947-01
罗贸易代表团访苏,1947-01-19,1947-01
上海妇联会新年座谈坚决反对伪宪北大教授许德珩号召国人予以推翻,1947-01-19,1947-01
蒋介石奴颜婢骨兽行案由美方审理中外记者被拒绝旁听,1947-01-19,1947-01
军区野战政治部发出通知加强拥爱工作,1947-01-20,1947-01
同蒲支队发扬爱民传统在战斗中保护群众利益,1947-01-20,1947-01
鲁南活捉蒋军三千枣庄西我军收复齐村车庄缴获山炮榴弹炮共十六门,1947-01-20,1947-01
刘伯承将军所部辉煌战绩半个月歼敌五个旅克聊城钜野涡阳城武等五城,1947-01-20,1947-01
中央局暨军区电贺前线城武之捷证明蒋军必败与我军无敌,1947-01-20,1947-01
苏中蒋军“清剿”屡遭挫败广大乡村仍为我控制两泰民兵五旬歼敌八百余启东群众一夜破路百余里,1947-01-20,1947-01
黄水东流已达寿张下游居民罹浩劫在悲愤中奋起自救蒋介石又积极进行引黄入卫欲使整个华北陷于黄水灾害蒋介石堵口放水罪恶滔天,1947-01-20,1947-01
苏中四个月歼蒋军六千我仍威胁敌主要交通线,1947-01-20,1947-01
北平东南我军反击解放永乐等重镇袭入武清威胁香河歼敌团长以下八百,1947-01-20,1947-01
前线我军某团党委批准特等英雄李治五入党他原是被蒋介石抓去当兵的劳苦人民放下武器后变为优秀的人民战斗英雄,1947-01-20,1947-01
认真做好拥爱工作,1947-01-20,1947-01
感激子弟兵保卫好时光冀南农民新年热烈优抗纷纷送肉担水送柴并计划助耕,1947-01-20,1947-01
“杜八联”愈战愈强  一面打仗一面分田留庄完成土地改革,1947-01-20,1947-01
运用“满天飞”战术深入敌心腹孟县民兵全面反倒算半月进行反倒算战斗四十六次一区民兵十二人击溃蒋军一营,1947-01-20,1947-01
襄陵格子网中继续彻底清算,1947-01-20,1947-01
回隆认真整理民兵胜利坚持对敌斗争,1947-01-20,1947-01
广大翻身农民积极参战大名武工队进迫城郊“复仇队”“还乡团”困守城内不敢出头,1947-01-20,1947-01
南峰县指挥部加强战勤工作,1947-01-20,1947-01
进行翻身回忆提高武装自觉武安组织年关教育富街帮助贫街解决军属困难,1947-01-20,1947-01
晋冀鲁豫边区政府公布黄河归故交涉及工程进行经过（续完）,1947-01-20,1947-01
辉县翻身农民展开献武器运动献出机关枪保卫好时光,1947-01-20,1947-01
如何转向主动？——安阳敌后游击战经验,1947-01-20,1947-01
魏县民兵故事为老婆孩子而战,1947-01-20,1947-01
榆社民兵回忆历史掀起自觉练武运动陵川民兵练武竞赛学好本领干倒老蒋！,1947-01-20,1947-01
我一○六等部队英勇作战功勋卓越刘邓首长通令表扬豫皖苏敌后我军两天歼敌两营，冀南某部强袭双庙，亦获军区嘉奖。,1947-01-21,1947-01
收复城武之役补充战果 除毙伤外俘敌千余此役我军十分钟登城，两小时解决战斗，再次证明我军善于攻坚。,1947-01-21,1947-01
达成消耗任务我军撤离翼城,1947-01-21,1947-01
解放日报发表社论斥范登堡演说范氏演说是露骨的干涉政策表示公开援蒋显出狼的本色,1947-01-21,1947-01
谢懋权旅长放下武器后刘伯承将军亲致慰问,1947-01-21,1947-01
我军切断平津公路攻入武清之役歼敌三百余,1947-01-21,1947-01
美参议员泼贝尔抗议范登堡演说斥范氏的建议将使美国步步更接近反动和腐败。,1947-01-21,1947-01
消息报发表论文称美国垄断日本引起英国不满,1947-01-21,1947-01
蒋区自去年秋季以来倒闭厂商二万七千家旧历年关结账时期倒风将更炽，原因是美货倾销与官僚资本操纵。,1947-01-21,1947-01
民盟中常委邓初民氏揭穿蒋介石“和平”烟幕军调部长春分部对中共人员滥施压迫 更加证明蒋介石所谓“和谈”全属欺骗,1947-01-21,1947-01
蒋介石不顾民命悍放黄水下游居民村屋尽毁天寒地冻无衣无食情况严重冀鲁豫日报号召制止蒋方罪行蒋方应即拨付粮款及迁移费蒋军应即退出故道以便复堤,1947-01-21,1947-01
鱼台城北杨庄之战,1947-01-21,1947-01
新华社记者评冀鲁豫战场形势蒋军北进走廊日益狭隘其后方已受我严重威胁,1947-01-21,1947-01
逃到天津本钱赔光重回临清大发财源商人张得康无限感激民主政府,1947-01-21,1947-01
东西粉张年产盐二十多万斤大量买地买牲口,1947-01-21,1947-01
鸡泽六方村土地还家农民新建胜利村威县辛台林家家生产气象一新,1947-01-21,1947-01
太行商人庆祝自己节日献金百万劳军,1947-01-21,1947-01
冀南银行贷二十万元组织浮山灾区生产二百余户无粮灾民得救,1947-01-21,1947-01
张秋各界三千余人隆重追悼哈里逊阿克瑞先生说：“哈大夫安息在他最心爱的地方，他可以瞑目了！”,1947-01-21,1947-01
抗议美军暴行声援爱国运动太行文联发起签名运动,1947-01-21,1947-01
太行区党委指示加强财经工作,1947-01-21,1947-01
贯彻群众路线领导太行纺英推动妇纺,1947-01-21,1947-01
太行翻身农民发财致富七十四万人参加合作社全区四千余个村合作社拥有资金九万万,1947-01-21,1947-01
冀鲁豫、太行、太岳拨粮救济难胞,1947-01-21,1947-01
苛杂繁多工资降低焦作矿工反抗暴政展开偷煤罢工运动,1947-01-21,1947-01
安阳蒋家官员到处拉卖壮丁,1947-01-21,1947-01
访谢懋权旅长和周觉团长,1947-01-21,1947-01
黄河故道居民痛恨蒋介石放水范县河床二十余村被淹多处险工已经危在旦夕民主政府正紧急援救,1947-01-22,1947-01
晋中解放孝义县城我生俘阎伪千五百吉林北部一周歼敌精锐五千,1947-01-22,1947-01
我军收复观城,1947-01-22,1947-01
一周综合战报冀鲁豫敌陷入被动各地蒋军手脚忙乱,1947-01-22,1947-01
谨防敌人年节偷袭军区号召军民切戒麻痹,1947-01-22,1947-01
前线各部队开展王克勤运动战斗学习收效很大大家一致认为：有了互助组什么任务都能完成。,1947-01-22,1947-01
王克勤班斗志更坚,1947-01-22,1947-01
持续进行抗议美军暴行运动平津学生成立联合会该会即将展开向市民农村及美国士兵的宣传工作，并呼吁全国各地同学共同行动起来！,1947-01-22,1947-01
开封两万学生游行示威重庆学生游行震撼山城昆明学联决定罢课抗议民族自尊心的昂扬！,1947-01-22,1947-01
在军警虎视耽耽中镇江学生奋勇前进蒋家保安队竟向学生开枪射击杭州广州学生亦突破阻挠游行,1947-01-22,1947-01
武汉三镇发出爱国怒吼五千学生游行示威,1947-01-22,1947-01
美军事法庭上 沈女控诉美军暴行平市记者抗议蒋美当局对旁听沈案审讯的无理限制。,1947-01-22,1947-01
星岛华侨领袖陈嘉庚氏呼吁支援爱国学运谓美军在华侵犯中国主权，助长中国内战，侮辱中国尊严。,1947-01-22,1947-01
本报启事,1947-01-22,1947-01
为解放区工业服务的机器制造厂成立了,1947-01-22,1947-01
豫北蒋政府疯狂抓丁人民反抗日烈蒋军订出严密监视新兵办法仍防止不了下级官兵开小差,1947-01-22,1947-01
冀鲁豫大力推行土地改革依靠群众战胜敌人汶上大队二连全力发动群众,1947-01-22,1947-01
南旺六区争取土地回家过年一村胜利引动全区,1947-01-22,1947-01
观城新经验干部科学分工战勤群运结合战争中完全可以进行土地改革,1947-01-22,1947-01
泰西组织翻身英雄领导运动四区四天打开三个村,1947-01-22,1947-01
培养更多人民功臣冀鲁豫七地委决定开展赵乐天运动,1947-01-22,1947-01
深入敌后为民立功安阳军民继续杀敌立功一个晚上烧光敌碉八十四座,1947-01-22,1947-01
阳谷训练万余积极分子九十五村展开清算,1947-01-22,1947-01
冀南翻身农民继续奋起参军,1947-01-22,1947-01
向汶上大队二连学习,1947-01-22,1947-01
深入敌后为民立功荣获嘉奖“老鹰抓兔”百发百中任秀河武工队屡擒顽敌,1947-01-22,1947-01
深入敌后为民立功五一部队夜袭新乡机场烧毁蒋机三架民主建国支队炸敌火车一列,1947-01-22,1947-01
深入敌后为民立功小胜村民兵一夜两捷,1947-01-22,1947-01
深入敌后为民立功南岭人民斗争的旗帜段法章武工队,1947-01-22,1947-01
深入敌后为民立功焦作三区民兵守纪到处得到群众拥护,1947-01-22,1947-01
群众领袖赵乐天,1947-01-22,1947-01
再接再厉胜利前进,1947-01-22,1947-01
拥护军属（歌谣）,1947-01-22,1947-01
《平原文艺》创刊,1947-01-22,1947-01
写翻身,1947-01-22,1947-01
“戏还是不唱的好”——杨主席和王村长的谈话,1947-01-22,1947-01
表翻身（快板）,1947-01-22,1947-01
老百姓的心临漳翻身杂记,1947-01-22,1947-01
财物还家（陵川城关翻身果实展览馆速写）,1947-01-22,1947-01
编读谈心,1947-01-22,1947-01
中国军阀的赌博,1947-01-22,1947-01
苏联钢铁积极增产战时被毁钢铁工厂将在今年恢复大批熔矿炉炼焦厂不久可望开工,1947-01-22,1947-01
苏工程师完成巨大工程第聂伯水电站开始转动十六条河底地道引到水闸,1947-01-22,1947-01
苏各地选举继续进行爱沙尼亚等地相继选出最高苏维埃候选人,1947-01-22,1947-01
波兰开始大选英美竟三次照会干涉,1947-01-22,1947-01
维克罗夫评法总统选举民主阵营赢得胜利法共忠实民主团结支持奥勒尔当选英谋压制法国伦敦谈判未获得成就,1947-01-22,1947-01
伦敦工潮继续扩大,1947-01-22,1947-01
拉马第任法国总理将组广泛联合政府,1947-01-22,1947-01
英美秘密军事协商全英激烈反对,1947-01-22,1947-01
大公报评美扩张政策称美国危害世界和平强权政治最后必遭惨败解放运动终将获得胜利,1947-01-22,1947-01
拉丁美洲各国反对美扩张政策巴拿马要收回基地，委共领袖抨击美支持委反动派。劳联主席斥责西半球联防计划,1947-01-22,1947-01
去年四百六十万人罢工美国钢铁产量大减国内市场容量已达饱和生产过剩汽车开始跌价,1947-01-22,1947-01
纽约邮报等抨击美政府援蒋,1947-01-22,1947-01
新民主国家介绍罗马尼亚,1947-01-22,1947-01
奥勒尔介绍,1947-01-22,1947-01
鲁南我军收复枣庄蒋军五十一师被歼赵鎛滕县人民大力支援前线,1947-01-24,1947-01
蒋美布置“和谈”新骗局全国人民当嗤之以鼻解放日报发表社论痛斥,1947-01-24,1947-01
破坏停战令的责任完全在于蒋美两方中央社妄图狡辩推卸，新华社记者列举事实予以痛斥。,1947-01-24,1947-01
蒋方压迫长春中共人员我提严重抗议,1947-01-24,1947-01
莫斯科少共真理报同情中国学生运动东北妇女领袖电慰沈女士,1947-01-24,1947-01
民盟二中全会闭幕通过不承认伪国大及伪宪，抗议蒋政府对北平美军暴行之屈辱媚外态度等重要决议；并对该盟中央人选加以调整。,1947-01-24,1947-01
黄水进入张秋县境民主政府动员抢险,1947-01-24,1947-01
旧历年关蒋币惨跌,1947-01-24,1947-01
抗议美军暴行怒潮澎湃不已上海“抗联会”加强组织杭州镇江温州等地抗联会亦已成立南昌福州无锡成都学生亦罢课游行,1947-01-24,1947-01
马来亚各党派拟建自治政府,1947-01-24,1947-01
马歇尔就美国务卿职,1947-01-24,1947-01
世界妇联电邀蔡畅等出席理事及执委大会,1947-01-24,1947-01
太岳十九分区各兵团超过原订歼敌计划,1947-01-24,1947-01
边府杨戎正副主席电唁哈立逊家属,1947-01-24,1947-01
显示解放区安居乐业好光景延安人民狂欢渡除夕闻捷起舞万家灯火达通宵,1947-01-24,1947-01
争取时间完成土地改革沁县五千农民开会庆祝翻身落后村连夜进行斗争,1947-01-24,1947-01
晋城九区完成填补贫农大部绝迹,1947-01-24,1947-01
冠县完成土地改革,1947-01-24,1947-01
合漳农民人人有地种元旦冬学里畅谈时光,1947-01-24,1947-01
和顺紧加完成填补集中力量突击落后,1947-01-24,1947-01
临清七区通过冬学进行查减,1947-01-24,1947-01
平原高唐边地斗争经验根据群众要求，确定斗争规模内容；武装保命护村；逮捕大奸霸；工作队扎深根。,1947-01-24,1947-01
喊话经验汾河支队总结,1947-01-24,1947-01
榔坡村农民欢庆翻身军属连夜寄信前线消灭蒋军保卫时光,1947-01-24,1947-01
对比力量武装守卫镇压邪气济源鄄城恢复区总清算济源三分之一村庄完成土地改革,1947-01-24,1947-01
展开对敌宣传攻势安阳组织年关宣传队深入敌后武装宣传群众情绪高涨，敌伪一夕数惊。,1947-01-24,1947-01
太行区党委关于农村阶级划分标准与具体划分的规定,1947-01-24,1947-01
收复枣庄之役胜利结束我军共歼敌万余人缴获榴弹炮山炮二十门汽车百余辆,1947-01-25,1947-01
四○七部队三营展开焦五保运动后部队生活呈现新气象战士与干部积极性创造性大为提高五连支部批准接受焦五保同志入党,1947-01-25,1947-01
晋中解放孝义之役共歼阎伪二千余吕梁某部创教育俘虏经验,1947-01-25,1947-01
苏皖地方武装半年歼敌万余,1947-01-25,1947-01
解放区各地人民团体声援学生爱国运动北平世界日报亦对蒋政府丧权辱国态度表示愤慨。,1947-01-25,1947-01
军调部中共代表团发言人谈蒋方摧残长春执行分部是对“和谈”的辛辣讽刺这甚至暗示其或将采取某种手段结束执行部,1947-01-25,1947-01
民盟发言人罗隆基称：马歇尔已失败反对蒋介石“改组政府”计划陈嘉庚氏反对美国继续援蒋,1947-01-25,1947-01
英法谈判结果法共表示冷淡,1947-01-25,1947-01
拉马第氏正式出任内阁总理法国联合内阁组成法共多列士等五人入阁,1947-01-25,1947-01
上海市蒋政府当局无理封闭苏联电台,1947-01-25,1947-01
苏联人民纪念列宁乌里雅诺夫斯基工业文化教育发达该城将在新五年计划下更扩大建设,1947-01-25,1947-01
黄水造成的灾难,1947-01-25,1947-01
东北蒋军兵力不足,1947-01-25,1947-01
中央社诬我逮捕教徒纯系恶意造谣 民主政府一贯保障信教自由,1947-01-25,1947-01
抓紧时间赶快作！士敏完成土地改革冀县全县消灭赤贫,1947-01-25,1947-01
武城经过两月群运三百余村土地归农军属都补齐三亩到四亩土地,1947-01-25,1947-01
长子北山村迎头赶上七天实现耕者有其田十户贫农都已上升,1947-01-25,1947-01
推动完成土地改革冀南区党委派出调查团,1947-01-25,1947-01
加速完成土地改革各解放区均获成绩,1947-01-25,1947-01
武安新区土地改革深入运动阶段经验,1947-01-25,1947-01
和顺三分之二完成填补创造深入运动经验,1947-01-25,1947-01
黑虎村群众欢庆翻身四十户贫农上升中农,1947-01-25,1947-01
经过彻底查减南庄沟完成土地改革,1947-01-25,1947-01
训练积极分子的经验,1947-01-25,1947-01
曲村歼灭战,1947-01-25,1947-01
联共中央书记日丹诺夫关于《星》及《列宁格勒》杂志所犯错误的报告几点说明,1947-01-25,1947-01
文艺批评活跃起来！,1947-01-25,1947-01
茅盾离苏京前发表对苏印象,1947-01-25,1947-01
文化消息,1947-01-25,1947-01
苏联爱国自卫诗选之二母亲的嘱咐,1947-01-25,1947-01
要求吉田内阁快滚蛋二百七十万日人将罢工工人公务员教师一致行动,1947-01-25,1947-01
日劳工力量壮大工会会员飞跃增加十五个月九十余倍,1947-01-25,1947-01
日共代表大会决定工运农运方针主张建立民主政权，土地国有，财阀产业国营。,1947-01-25,1947-01
日本报纸纷纷抨击吉田内阁反动无能,1947-01-25,1947-01
英不满美卵翼日本吉田优待纳粹战犯美军占领费将达两百亿日元,1947-01-25,1947-01
希腊内阁发生危机自由党六部长辞职,1947-01-25,1947-01
巴西举行地方选举里约热内卢区共产党将获胜,1947-01-25,1947-01
波兰选举热烈进行反动派捣乱失败,1947-01-25,1947-01
法越战争扩及中部胡志明迭次声明决抗战到底印共议员主张争取真正独立,1947-01-25,1947-01
安理会辩论裁军五国和约公布英否认背弃英苏条约,1947-01-25,1947-01
意总理辞职,1947-01-25,1947-01
关于吉田内阁,1947-01-25,1947-01
美国成立远东军区,1947-01-25,1947-01
国际零讯,1947-01-25,1947-01
旧历年关前蒋管区的经济危机,1947-01-25,1947-01
我军出击平汉北段收复望都俘敌千余南满我军收复据点数十处月初以来歼敌一千六百余,1947-01-26,1947-01
冀鲁豫前线欢渡春节军民团结如一家人群众热烈劳军，军队帮助群众重新获得土地。,1947-01-26,1947-01
盐阜淮海广大地区仍在民主政府治下游击战争正在广泛展开射阳群众坚持原地斗争,1947-01-26,1947-01
陕甘宁边府定十一月四日为国耻日解放日报著论拥护号召国人为洗雪新国耻而奋斗,1947-01-26,1947-01
高辉达英勇牺牲“为高辉达复仇”运动正猛烈开展,1947-01-26,1947-01
民主建国军副总司令邢肇棠将军就任,1947-01-26,1947-01
国民党最高当局唆使发动“倒省主席运动”为国民党“中央”企图吞食地方之表现,1947-01-26,1947-01
上海文汇报发表社论剖析“中美实业公司”它是美国资本与中国官僚资本结合独占中国实业变中国为美殖民地的工具。,1947-01-26,1947-01
苏联人民正以完成五年计划的紧张劳动纪念列宁逝世廿三周年,1947-01-26,1947-01
西康东部大凉山地区又有十万夷人起义,1947-01-26,1947-01
国际一周十二日至十八日,1947-01-26,1947-01
滕代远同志节约全年应领衣物军区展开节约生产运动不领全年办公杂支费每人生产缴公一万元,1947-01-26,1947-01
悼民兵英雄高辉达,1947-01-26,1947-01
浮山城郊人民坚决完成土地改革蛛网联防中展开清算民兵集团两次击溃蒋军进扰，掩护群众照常分果实。,1947-01-26,1947-01
四区男人参战妇女担任分田,1947-01-26,1947-01
地方兵团主动出击支援群运济源马河沿岸十二行政村炮火下十天完成分田,1947-01-26,1947-01
苏皖一分区一手拿枪一手分田百余万贫雇农获得耕地,1947-01-26,1947-01
太岳罢战蒋阎军公演《逼上梁山》,1947-01-26,1947-01
加强团结加速胜利各地展开拥爱运动定旧历新春为“双拥月”,1947-01-26,1947-01
粉碎敌伪顽杂恶霸地主长期统治夏津完成土地改革劳动农民从政治上经济上获得优势达到完全翻身地主退还农民土地赤贫业已全部消灭解除了封建武装农民武装了自己,1947-01-26,1947-01
浮山蛛网联防斗争经验,1947-01-26,1947-01
太行老区填补运动刻正转向深入阶段,1947-01-26,1947-01
黎城三区查减生产均获成绩,1947-01-26,1947-01
店头妇女参加了翻身潮,1947-01-26,1947-01
冀鲁豫前线连战皆捷我军收复定陶南乐定陶守敌千余全部被歼,1947-01-27,1947-01
春节中前线洋溢着胜利的欢欣某地群众热烈欢迎我军军队和老乡们互相拜年,1947-01-27,1947-01
太岳某团各连队学习模范班长侯同云体贴战士解决困难帮助大家提高技术虚心接受战士意见密切联系驻地群众,1947-01-27,1947-01
胶济西段蒋军续向鲁中进犯,1947-01-27,1947-01
重庆商务日报抨击蒋美商约它若能安然实行，中国经济地位将不如印度。,1947-01-27,1947-01
坚守察南雁北桑干河岸我军两月歼敌千余,1947-01-27,1947-01
常熟乡民武装抗征舟山民军声势浩大,1947-01-27,1947-01
同蒲前线我军指战员抗议美军暴行要以实际战斗支援爱国学运,1947-01-27,1947-01
法国联合内阁名单公布多列士任副总理法共掌国防劳工建设等部,1947-01-27,1947-01
东京山雨欲来风满楼明日将开打倒吉田内阁大会四千青年行动队员开始示威二百七十万人总罢工必爆发,1947-01-27,1947-01
答复小罗斯福所提若干问题 斯大林畅谈美苏关系,1947-01-27,1947-01
圣路易邮报发表社论称马歇尔使中国分裂美苏友谊协会主张恢复罗斯福外交政策,1947-01-27,1947-01
农民急切要求土地还家南峰西区百付担架组成土地改革大队全县群运猛烈展开,1947-01-27,1947-01
鄄城收复后开展反倒算,1947-01-27,1947-01
人帮人村帮村屯留农民互助翻身,1947-01-27,1947-01
冀南滏河大队帮助群众翻身,1947-01-27,1947-01
感谢毛主席、朱总司令领导翻身更乐农民表心意严冬送上好皮衣,1947-01-27,1947-01
竹宁全体群众给毛主席拜年,1947-01-27,1947-01
加速完成土地改革汶上训练积极分子,1947-01-27,1947-01
冀南区党委、行署、军区号召厉行节约支援前线,1947-01-27,1947-01
冀鲁豫行署号召机关生产自给,1947-01-27,1947-01
冀鲁豫印刷局职工展开节约自给运动,1947-01-27,1947-01
峰峰矿区小窑工人新年加工捐款劳军太行行署拨款五十万慰劳四分区部队,1947-01-27,1947-01
表扬优点杨屹旦改过立功阳城担架队故事,1947-01-27,1947-01
郓城、巨野人民欢庆解放中度春节,1947-01-27,1947-01
过春节再不烧香敬神济源农民都敬毛主席为活神仙阳城市上毛主席画像人人争购,1947-01-27,1947-01
谁听了也得落泪记汶上六区积极分子训练班诉苦,1947-01-27,1947-01
阵地侦察,1947-01-27,1947-01
金乡鱼台战役中第二食宿站有功,1947-01-28,1947-01
我克清丰单县曹县两月来开始局部反攻收复县城十六座继续大量歼敌全面反攻之期日益接近军区司令部发表第三号公报,1947-01-28,1947-01
为人民复仇！定陶被蒋军侵占后沦为血海地狱，我军为民除害之后人民重见青天。,1947-01-28,1947-01
中国工人运动老领袖朱宝庭同志病逝陕北中央指定治丧委会并定明日追悼,1947-01-28,1947-01
鲁南十八天辉煌战绩我共歼敌五万收复城镇村庄一百二十余处缴重炮百余门坦克二十三辆,1947-01-28,1947-01
豫皖苏我军深入敌后大力开展游击战争一手持枪一手分田,1947-01-28,1947-01
中央局关于群众游击战争的指示总结半年的基本经验，指出今后的斗争任务。,1947-01-28,1947-01
庆祝一年胜利战斗杜八联民兵大检阅夜晚演习吓跑坡头蒋军,1947-01-28,1947-01
沁阳武工队深入敌后击毙蒋特头子张玉佩,1947-01-28,1947-01
观城民兵游击小组屡次击溃进犯蒋军,1947-01-28,1947-01
改善干部群众关系开展团结运动区干部自我检讨具体帮助中峪村干部转变作风,1947-01-28,1947-01
沁县浮山等县开展拥干爱民运动,1947-01-28,1947-01
巨鹿各村干部群众召开民主团结会议干部自动退出多分果实,1947-01-28,1947-01
南宫老村干部改变作风查减运动顺利开展,1947-01-28,1947-01
太岳行署、军区及武委总会函高辉达家属致唁,1947-01-28,1947-01
弥补去冬土布减产保证穿衣自给太行大力推进纺织要求今春完成一千一百万斤土布,1947-01-28,1947-01
洪洞民兵武工队展开全面爆炸攻势三天杀伤俘敌三十六名,1947-01-28,1947-01
武邑新老积极分子互相检讨增强了团结群众力量,1947-01-28,1947-01
太行新华日报发表社论号召全区纺织机完全开动,1947-01-28,1947-01
专揍“朱队长”的雷翼城民兵英雄故事,1947-01-28,1947-01
豹子峪杨庄等村小型纺织工厂人人均获巨利妇女可入厂变工为自己织布,1947-01-28,1947-01
一支城市人民组成的游击队,1947-01-28,1947-01
人民的炮手在前线,1947-01-28,1947-01
五十九个英雄负伤不下火线,1947-01-28,1947-01
巩堂歼敌记,1947-01-28,1947-01
贺徐老寿,1947-01-28,1947-01
俘虏口中的“○比七十”小部队也能打歼灭战,1947-01-28,1947-01
孩子们的标语,1947-01-28,1947-01
人民与炮,1947-01-28,1947-01
印刷厂总结工作的方法,1947-01-28,1947-01
大家谈年关中作些什么？读者服务,1947-01-28,1947-01
抗战期间解放区农民三次要求土地的经过,1947-01-28,1947-01
边区有那些刊物？边区小常识,1947-01-28,1947-01
日本法国意大利波兰民主力量战胜反动派美帝国主义到处伸出干涉的手均遭失败,1947-01-28,1947-01
斯大林复文英外相阐述英苏条约精神，指出必须取消条约中保留部分，才能谈到延期。,1947-01-28,1947-01
蒙哥马利提议交换英苏军官斯大林严正拒绝认为此举不合苏联和平愿望,1947-01-28,1947-01
苏人民存款两倍于战前,1947-01-28,1947-01
苏联将举行最高苏维埃会议,1947-01-28,1947-01
外长代表会议讨论对奥和约,1947-01-28,1947-01
捷埃成立贸易协定,1947-01-28,1947-01
波兰国会大选结果民主党派联盟获胜华沙人民示威游行庆祝,1947-01-28,1947-01
全国商联会要求禁止美钞流通蒋政府公然拒绝,1947-01-28,1947-01
反抗蒋政府征粮征丁余姚农民夺枪自卫陕西城固数百人执稻草请愿,1947-01-28,1947-01
重庆面粉工厂纷纷关门停业,1947-01-28,1947-01
越南民族委员会开会拥护胡志明抗战到底河内东南越游击队活跃,1947-01-28,1947-01
新民主国家介绍意大利,1947-01-28,1947-01
意社会党书记巴素赞成与共产党合并,1947-01-28,1947-01
国际零讯,1947-01-28,1947-01
我军收复曹县之役伪保安旅全部被歼单县歼敌一个营及一个保安团太行我军攻克温县城,1947-01-29,1947-01
汾阳孝义地区战事胜利发展我再歼灭阎军六千俘敌六十九师副师长王熙明等,1947-01-29,1947-01
一周综合战报我歼敌两万收复县城九座蒋介石更加被动更加不利二十日至二十六日,1947-01-29,1947-01
我军收复枣庄之役俘敌正副师长峄县之战炮兵大显神威,1947-01-29,1947-01
南满蒋军进犯受挫被我歼灭八百,1947-01-29,1947-01
平汉北段续克寨西店车站我军歼敌两团,1947-01-29,1947-01
英国关切中国局势主张实践莫斯科决议林德西提议派遣代表赴延安,1947-01-29,1947-01
马西努评论称蒋介石玩弄“和谈”把戏是重整武装进攻解放区,1947-01-29,1947-01
中共中宣部长陆定一同志驳蒋介石欺骗声明指出蒋记伪宪必须取消，去年一月十三日军事位置必须恢复：蒋介石悍然提出欺骗的“和平方案”来对抗，一切后果当由蒋介石负责。,1947-01-29,1947-01
克服“差不多”思想展开发动落后竞赛长治半数村完成土地改革现正集中力量争取全县平衡,1947-01-29,1947-01
祁县三区初步完成填补六十八户赤贫上升中农,1947-01-29,1947-01
华中“游击生意”办法好蒋军来时空街绝卖逼得他只能逃走蒋军走后摊商满市供给人民日用品淄川新收复村镇工人武装开煤井,1947-01-29,1947-01
葛木村农民欢庆翻身一致决议：定元旦为翻身节，以后年年来庆贺。,1947-01-29,1947-01
冀鲁豫七分区干部土地改革中竞相立功,1947-01-29,1947-01
厉行生产节约,1947-01-29,1947-01
本报及总分社全体人员紧张学习改进工作,1947-01-29,1947-01
太行一分区发动雇贫团结中农各县普遍转向深入争取春耕前彻底完成土地改革,1947-01-29,1947-01
夏津土地改革经验之一大胆放手与贯彻政策,1947-01-29,1947-01
邢台天主堂罪行纪实,1947-01-29,1947-01
平汉北段反击战胜利进展我军解放新乐县城控制保定南百六十余里铁路鲁晋蒋阎军使用日本人进攻解放区,1947-01-30,1947-01
太岳一、四两分区民兵一月歼敌千余超过太岳全区歼敌计划济源二区民兵创造“掏心”战术,1947-01-30,1947-01
渤海区黄河沿岸各县紧急动员抢险复堤当地军政民正冒严寒风雨日夜抢修蒋特竟捕走我郓北修防段渡船水手,1947-01-30,1947-01
政权不归戴高乐法国新阁的组成，是人民又一次大胜利，对世界和平将发生重大影响。农民与工人合作，团结在共产党周围，已迈开了历史性的一大步。解放日报论法国新阁的组成,1947-01-30,1947-01
蒋军兵力不足疯狂抓丁补充考城我游击队开展保丁斗争,1947-01-30,1947-01
苏皖一、二分区迭破蒋军“清剿”二十天歼敌千五百民兵地方武装活跃长江沿岸及公路上,1947-01-30,1947-01
陕甘宁边府正式发布命令定“十一·四”为国耻日号召全国同胞为废除蒋美商约而奋斗,1947-01-30,1947-01
长春执行分部我代表团失去自由蒋美专横拒绝我方调查显系逼使中共自执行部撤退以便他们推诿调处失败之责,1947-01-30,1947-01
议员林赛坚主对华不能旁观英应与中共直接联系并与苏美关于中国现状进行自由咨询,1947-01-30,1947-01
民变军震撼福建洛阳附近酝酿民变,1947-01-30,1947-01
团结互助善于指挥作战霍龙和创造模范班某团开展王克勤运动获显著成绩,1947-01-30,1947-01
解放日报社论号召准备开展春耕生产完成土地改革是开展生产的关键战斗部队应该特别注意节约民力,1947-01-30,1947-01
临清大庙等村用所得果实发展副业解决赤贫农春耕困难,1947-01-30,1947-01
沁源四区提高织妇技术积极开展春季纺织,1947-01-30,1947-01
冀南准备开展生产行署座谈合作经验,1947-01-30,1947-01
经过干部反复宣传高家庄创建合作社,1947-01-30,1947-01
太行区党委发出整顿机关生产决定,1947-01-30,1947-01
百余村农民诉苦复仇收回土地阳谷五千人公审奸霸大汉奸梁克俊搜刮民财杀害抗日军人判处死刑,1947-01-30,1947-01
济愿翻身农民欢庆土地还家烧掉地主剥削的依据换回新契过新年,1947-01-30,1947-01
汶上二区猛力进行土地改革七天打开局面,1947-01-30,1947-01
群众解开思想疙瘩襄垣发动落后农民干部转变领导作风,1947-01-30,1947-01
注意培养贫苦妇女骨干通过翻身促进家庭和睦林县发动妇女经验,1947-01-30,1947-01
临清二区干部深入启发下层半月打开十个落后村,1947-01-30,1947-01
沁源保证贫苦农民获得土地深入发动山庄窝铺,1947-01-30,1947-01
太行老区完成填补区村农民买驴牛准备生产,1947-01-30,1947-01
杨庄之战,1947-01-30,1947-01
平汉北段我克定县冀东军民收复重要据点多处西满南满敌后我歼蒋军千余,1947-01-31,1947-01
收复曹县单县温县三役我歼敌四千余陇海路南我军又歼敌二百余解放城武之役毙伪保安团长智永德,1947-01-31,1947-01
平遥民兵转变战术创一比六十五范例,1947-01-31,1947-01
太行一、三分区部队抓紧战斗间隙练兵,1947-01-31,1947-01
黄水淹没东平广大村庄麦田民主政府协助居民抢救沿河居民对蒋介石仇恨激增渤海区参议会号召人民自救,1947-01-31,1947-01
济宁附近游击武装三个月歼敌七百,1947-01-31,1947-01
蒋介石和谈骗局揭穿后蒋机竟飞延作军事威胁,1947-01-31,1947-01
定陶西台集战斗中六勇士歼敌百余,1947-01-31,1947-01
人民军队英雄辈出,1947-01-31,1947-01
太谷独立营四战四捷创零比七十八新纪录,1947-01-31,1947-01
蒋嫡系第五军士兵厌战逃亡,1947-01-31,1947-01
邢台抽调干部大力突击落后争取二月底完成填补黎城深入追查地主隐蔽财产,1947-01-31,1947-01
冀南日报著论号召克服麻痹自满贯彻土地改革,1947-01-31,1947-01
中央局、军区春节欢宴技术干部,1947-01-31,1947-01
太岳各地翻身农民家家给毛主席拜年,1947-01-31,1947-01
陕甘宁庆阳县王家村取得试办土地公债经验,1947-01-31,1947-01
壁底村先贫后富按需分果实赤贫获得足够土地,1947-01-31,1947-01
寄语前线将士安心杀敌春节各地热烈优抗劳军,1947-01-31,1947-01
怎样填窟窿？——平顺分果实经验,1947-01-31,1947-01
公平合理分果实的重大作用夏津群运经验之二,1947-01-31,1947-01
保证全面填平黎城县政府决定移民办法全县已转移一○五户，新家均已安置好,1947-01-31,1947-01
文化消息邢师剧团赴前线,1947-01-31,1947-01
文化消息华中前线文艺工作活跃,1947-01-31,1947-01
文化消息山东军区展开快板运动,1947-01-31,1947-01
刘司令员伯承同志对宣传工作者的启示,1947-01-31,1947-01
“我们回到了真正的祖国”记被解放的台湾兵,1947-01-31,1947-01
赵家厂敌人的聚歼“泰山”部战斗速写,1947-01-31,1947-01
小春秋,1947-01-31,1947-01
拜年,1947-01-31,1947-01
关于剧场上演节目及改进方法一九四六年八月二十六日联共（布）中央决议摘要,1947-01-31,1947-01
全世界青年团结起来！为和平民主加紧斗争积极援助弱小民族独立运动世界民主青年联盟执委会号召,1947-01-31,1947-01
北平学生联合会反对美独审兽行案昆明三万学生要求美军撤退邯郸各界示威游行支援学生爱国运动美将领透露野心图长期占领青岛,1947-01-31,1947-01
蒋政府压低外汇汇率我国茶丝业一蹶不振上海出入口商抨击蒋输入管理办法,1947-01-31,1947-01
蒋管区教育危机严重各地教职员啼饿号寒纷纷请愿要求改善待遇,1947-01-31,1947-01
重庆机器工厂十分之八倒闭,1947-01-31,1947-01
长沙发生贪污巨案蒋记行总舞弊九亿元,1947-01-31,1947-01
美军在华的兽行,1947-01-31,1947-01
马里宁著文指出美国焦虑经济危机物价上涨工资大减美财阀饮鸠止渴大量投资生产,1947-01-31,1947-01
美国政府更加反动马歇尔清洗国务院,1947-01-31,1947-01
列宁逝世二十三周年美共召开纪念大会,1947-01-31,1947-01
斯大林复英外相文伦敦各报咸表好评泰晤士报也说：英苏关系将因以更好发展。,1947-01-31,1947-01
英苏协会大会开幕讨论英苏合作，要求英政府与苏联共同努力普遍裁军运动。,1947-01-31,1947-01
